{"cameraMode":{"drawMode":0,"name":"Shaded","section":"Shading Mode"},"sceneLighting":false,"audioPlay":false,"sceneViewState":{"m_AlwaysRefresh":false,"showFog":true,"showSkybox":false,"showFlares":true,"showImageEffects":true,"showParticleSystems":true,"showVisualEffectGraphs":true,"m_FxEnabled":true},"in2DMode":false,"pivot":{"x":-1.9006800651550294,"y":2.580000162124634,"z":4.910923957824707},"rotation":{"x":0.05576924607157707,"y":0.012804949656128884,"z":-0.004060516133904457,"w":0.9990864396095276},"size":12.3148832321167,"orthographic":false}